System,Type,Type_ref,Gaia_ID,ra,ra_error,dec,dec_error,parallax,parallax_error,distance_gspphot,distance_gspphot_upper,distance_gspphot_lower,pmra,pmra_error,pmdec,pmdec_error,pm,radial_velocity,radial_velocity_error
11 Com,G8+IIIFe-1,1989ApJS...71..245K,Gaia DR3 3946945413106333696,185.1787633,0.10265955,17.793264,0.10379008,10.16767953,0.13647683,100.6914,105.4601,91.5184,-109.4258025,0.14367026,88.92991873,0.10672985,141.00545,43.251984,0.13928862
16 Cyg,,,,,,,,,,,,,,,,,,,
18 Del,G6III,1957ArA.....2...55O,Gaia DR3 1756741374681702784,314.6078305,0.05746131,10.83913298,0.040245607,13.30213543,0.06518407,--,--,--,-49.92076303,0.070462815,-34.50874906,0.04368574,60.687202,4.171299,0.11649046
2MASS J01033563-5515561,M5.0,2014AJ....147..146K,,,,,,,,,,,,,,,,,
2MASS J19383260+4603591,sdB+dM,2010MNRAS.408L..51O,Gaia DR3 2080063931448749824,294.6359184,0.027756467,46.06640688,0.03160684,2.440960936,0.031625494,--,--,--,5.225044261,0.037355088,-4.404688765,0.042169448,6.8339133,--,--
30 Ari,F5V,2009A&A...507.1659G,Gaia DR3 102082477749475200,39.24129515,0.028020425,24.64800885,0.026261695,22.51072487,0.03152984,44.3601,44.4222,44.2924,140.9505232,0.033430036,-10.53556747,0.028294275,141.34372,12.378623,0.3073357
42 Dra,K1.5IIIFe-1,1989ApJS...71..245K,Gaia DR3 2256800156349110528,276.4975408,0.08326502,65.56336162,0.076497704,11.05598683,0.084134236,--,--,--,105.81551,0.10726357,-26.84555334,0.10623377,109.167786,31.748833,0.120681904
51 Eri,F0IV,1995ApJS...99..135A,Gaia DR3 3205095125321700480,69.40074849,0.069258526,-2.473833384,0.03442226,33.43903248,0.07770842,30.1045,30.9226,29.8508,44.0488409,0.10085864,-64.02842203,0.07450798,77.71705,--,--
55 Cnc,K0IV-V,2003AJ....126.2048G,Gaia DR3 704967037090946688,133.1467606,0.02994385,28.329783,0.01983439,79.44818376,0.042877857,12.5796,12.5965,12.5712,-485.6808133,0.040257532,-233.5170053,0.03707892,538.90265,27.187504,0.12249401
75 Cet,K1III,1999MSS...C05....0H,Gaia DR3 2500064286492779264,38.03915661,0.09285401,-1.035031213,0.07591072,12.17172096,0.09623004,81.118,81.948,80.3809,-23.2684826,0.09828476,-30.9872741,0.08225424,38.750916,-6.3396134,0.12565237
91 Aqr,K1-IIIFe-0.5,1989ApJS...71..245K,Gaia DR3 2630155547353593216,348.9745549,0.5586589,-9.087810189,0.20857851,22.09236557,0.1301702,--,--,--,369.4769954,0.5925647,-16.98147653,0.24350376,369.86703,-26.068363,0.13127498
CoRoT-2,G7V+K9V,2014A&A...565L...1P,Gaia DR3 4287820848378092672,291.7770452,0.012019838,1.383661743,0.009825503,4.689528478,0.014295013,212.016,212.6313,211.3497,-3.359797246,0.01599304,-11.10135549,0.012099371,11.598635,24.825539,1.9754307
CoRoT-9,G3V,2011A&A...529A.136E,Gaia DR3 4285571629874670080,280.7866441,0.013728639,6.204076157,0.013591964,2.341232174,0.016025688,417.9986,421.3564,413.9663,-14.39952213,0.01586458,-14.94192312,0.013599754,20.75108,19.116896,2.8013453
DE CVn,DA+M3V,2010MNRAS.407.2362P,Gaia DR3 1550299304833675392,201.7206798,0.013787829,45.54552053,0.015297735,32.77275975,0.021094888,30.307,30.339,30.2661,-202.3093573,0.01681181,-175.7416803,0.01833988,267.98175,80.34062,28.176386
DMPP-3,K0IV/V,1975MSS...C01....0H,Gaia DR3 5266148569447305600,91.62435297,0.10836196,-72.51435875,0.10826041,21.2495661,0.11426809,46.5499,48.6955,45.9337,-0.715893487,0.13285986,-382.7548271,0.12850001,382.7555,35.64353,0.49376386
DP Leo,,,Gaia DR3 3971777500966832384,169.3162149,0.19617555,17.96157145,0.20644008,3.149319635,0.2530307,--,--,--,-28.90772516,0.23214693,-2.077733507,0.23746987,28.982298,--,--
DS Tuc,G6V,2006A&A...460..695T,Gaia DR3 6387058411482257536,354.9154985,0.012696214,-69.19605238,0.0121749,22.63674664,0.015010941,44.079,44.2131,43.8823,79.52919796,0.014670932,-67.55108468,0.016220242,104.34578,7.128368,0.2766961
EPIC 246851721,,,Gaia DR3 3393939030531019520,78.91982005,0.020435212,16.27869737,0.013418274,2.64572096,0.022930551,368.756,371.7911,365.8613,2.627286629,0.024301762,-12.92634834,0.017940454,13.190645,39.292477,1.9503491
GJ 15,M2V,1989ApJS...71..245K,Gaia DR3 385334196532776576,4.625300681,0.020594174,44.02874452,0.013754434,280.694731,0.027839076,3.5638,3.5778,3.561,2862.796426,0.022829484,336.4319037,0.01896944,2882.497,10.603611,0.14668693
GJ 229,M1V,1991ApJS...77..417K,Gaia DR3 2940856402123426176,92.64357908,0.008222482,-21.86782311,0.013698905,173.5739858,0.017049566,--,--,--,-135.6916079,0.010703687,-719.178134,0.01708214,731.86707,4.2265444,0.118980676
GJ 3021,G8V,2006A&A...460..695T,Gaia DR3 4634528720388462592,4.063774501,0.018354405,-79.85142961,0.017439483,56.96442818,0.019215303,17.5522,17.558,17.5465,434.1048644,0.026595881,-56.33934229,0.021481076,437.74554,-6.068909,0.1324086
GJ 338,,,,,,,,,,,,,,,,,,,
GJ 3473,M4V,2014AJ....147...20N,Gaia DR3 3094290054327367168,120.5935505,0.020004839,3.337110091,0.013789415,36.61053016,0.024273736,--,--,--,-403.1979683,0.025347466,-380.9280968,0.01735684,554.68445,-1.9450854,0.39764896
GJ 414,K7V,2003AJ....126.2048G,Gaia DR3 732856080807636224,167.7636913,0.017017234,30.44389289,0.015668023,84.15535722,0.01997997,11.8949,11.9456,11.8402,604.9068594,0.019305775,-206.0539021,0.01890891,639.03876,-15.806729,0.13495457
GJ 667,K3V+K5V,2006A&A...460..695T,,,,,,,,,,,,,,,,,
GJ 676,M0V,1972AJ.....77..486U,Gaia DR3 5925209514333720832,262.5657312,0.020802446,-51.64043213,0.01741962,62.57756152,0.022467772,16.0145,16.0805,15.9994,-269.068763,0.02404583,-185.0042159,0.017902797,326.53415,-39.607952,0.33709997
GJ 720,M0.5V,1991ApJS...77..417K,Gaia DR3 2118429538570209920,278.8666084,0.016286567,45.76298,0.017353423,64.20993841,0.017638212,--,--,--,456.4262499,0.022177372,361.2919501,0.021749368,582.1141,-31.364754,0.3495256
GJ 86,K1.5V,1989ApJS...71..245K,Gaia DR3 4937000898856156288,32.62294595,0.035921752,-50.82090584,0.04082425,92.92514044,0.04607932,10.7084,10.7397,10.6803,2125.416147,0.047867194,637.9750431,0.061558302,2219.1003,55.2173,0.1546862
Gl 49,M1.5V,2015A&A...577A.128A,Gaia DR3 522863309964987520,15.66895082,0.011228092,62.34545122,0.011862292,101.4237953,0.016878147,9.8438,9.8498,9.8136,731.0879948,0.013724243,90.53173556,0.016883908,736.672,-6.2840915,0.1332864
HAT-P-1,G0V,2011A&A...529A.136E,Gaia DR3 1928431764627661440,344.4453689,0.008808271,38.6749131,0.010212938,6.243808085,0.014619979,158.7827,159.429,154.5959,32.42153558,0.013767028,-41.94931072,0.012933271,53.01793,-2.6439135,0.22692169
HAT-P-14,F5V,2011AJ....141..161S,Gaia DR3 1340497608486742400,260.1161723,0.008782928,38.24216726,0.009807851,4.44725723,0.010584738,224.1573,224.7708,223.606,2.35030127,0.01191638,-6.679148667,0.013279681,7.080603,-19.41046,0.22034723
HAT-P-16,F8,2011A&A...529A.136E,Gaia DR3 381592313648387200,9.573030268,0.011483975,42.4630954,0.010371358,4.495829047,0.01545844,220.6654,221.4393,219.9209,-21.53530531,0.011542264,-4.581762773,0.011774988,22.01731,-16.666695,0.42024994
HAT-P-22,G5,2011A&A...529A.136E,Gaia DR3 846946629987527168,155.6814537,0.008601171,50.12872315,0.01117382,12.27305538,0.015540047,81.1877,81.2848,81.0806,-26.11021211,0.013991112,83.80629414,0.015811026,87.77949,12.856509,0.14769213
HAT-P-24,F8,2011A&A...529A.136E,Gaia DR3 3167323052618369408,108.8251183,0.012300735,14.26260625,0.011267848,2.420231941,0.014783522,401.4178,403.9415,399.242,8.193456696,0.015101619,-1.59520415,0.012258892,8.3473,-0.9951621,0.7045571
HAT-P-27,G8,,Gaia DR3 1159336403336463872,222.7673182,0.01475108,5.94736226,0.01385416,4.952759651,0.016895672,197.6604,198.5756,195.9388,-28.60993965,0.019363329,-2.774496311,0.019091632,28.744156,-16.741198,0.558079
HAT-P-29,,,Gaia DR3 359058441314838528,33.1310898,0.013686465,51.77877566,0.013999097,3.135845633,0.020119427,--,--,--,-9.972381185,0.024160529,1.789928342,0.017248591,10.131743,-21.914396,0.6858706
HAT-P-3,K1V,2018MNRAS.481.3244G,Gaia DR3 1510191594552968832,206.0940102,0.01036626,48.02856171,0.012580223,7.415920231,0.014328971,133.1345,133.4862,131.5636,-19.6190945,0.011927814,-23.97268944,0.015431108,30.97739,-23.306894,0.31029972
HAT-P-30,G0,,Gaia DR3 3096441729861716224,123.9498407,0.012865525,5.836870229,0.009947953,4.803689565,0.014766899,206.4299,207.0708,205.7566,-17.23149622,0.013377172,23.87539405,0.01055988,29.444166,45.136883,0.36763796
HAT-P-32,,,Gaia DR3 356348286886230272,31.0427594,0.016422974,46.68785165,0.01472625,3.493757311,0.020485217,283.3834,285.1272,281.6643,-9.763388779,0.017625218,3.351075985,0.021392863,10.3224745,-22.523651,1.5963125
HAT-P-33,,,Gaia DR3 893550942158776832,113.1842383,0.018280735,33.8350211,0.01682714,2.518616699,0.019531319,387.9433,390.6442,384.9883,-0.125240073,0.024453402,-2.444298592,0.02311441,2.447505,22.2108,0.6605851
HAT-P-35,,,Gaia DR3 3094733088793018240,123.2507017,0.017703798,4.787027836,0.013464144,1.901864791,0.021286793,499.6187,506.1833,489.9762,-9.415441533,0.020819616,-7.253642376,0.015557875,11.885531,40.663742,1.1769578
HAT-P-39,,,Gaia DR3 3169391577586325120,113.7582528,0.012798736,17.83002713,0.011276986,1.415197155,0.014015782,--,--,--,1.141321476,0.016716972,-8.584019492,0.015817307,8.659561,29.15279,3.376495
HAT-P-4,F,2011A&A...529A.136E,Gaia DR3 1291120362349158016,229.9912163,0.009744847,36.22954167,0.013425917,3.107097977,0.015360015,314.5281,317.3546,297.1596,-21.51330483,0.012793139,-24.2549979,0.018960478,32.421093,-1.1309037,0.36955643
HAT-P-41,,,Gaia DR3 4290415081653653632,297.3226519,0.015481577,4.672411376,0.012521415,2.84769065,0.01759626,348.1303,352.0814,342.2152,-3.177236871,0.018924505,-6.569841792,0.015301142,7.2977843,32.53817,0.4711851
HAT-P-57,,,Gaia DR3 4483640815570090368,274.7434174,0.018658642,10.5971948,0.01967393,3.432357996,0.019623086,292.973,297.7037,279.9677,-4.465676999,0.02456937,-14.26758934,0.024576232,14.9501295,-7.8001404,4.0891476
HAT-P-67,F5,,Gaia DR3 1358614983131339392,256.6107298,0.008663342,44.77688235,0.009823918,2.686931987,0.01009964,368.2143,374.0003,365.1296,9.541390644,0.011205032,-18.25073647,0.012623115,20.594357,-1.6711453,0.60960907
HAT-P-7,F6V,2013MNRAS.433.2097F,Gaia DR3 2129256395211984000,292.2471862,0.01015957,47.96954406,0.010569662,2.999065211,0.011364033,--,--,--,-18.32487498,0.014262368,8.851426008,0.013935658,20.350645,-10.227906,0.25424847
HAT-P-8,F8V,2013MNRAS.428..182B,Gaia DR3 1891507552826485632,343.0415059,0.014803225,35.44717987,0.015819734,4.660607775,0.020797191,213.1909,214.093,212.2794,74.67645497,0.019426998,14.94429424,0.02006703,76.157104,-22.041786,0.22362284
HATS-30,,,Gaia DR3 4906145613282734208,5.618518976,0.008055846,-59.94258995,0.008093067,2.912278562,0.011044969,337.4406,338.7081,336.1865,-22.33972129,0.009884785,-5.038898314,0.01123413,22.900953,0.21361746,0.7498505
HATS-37,,,Gaia DR3 6194574671813047424,199.8018267,0.047539182,-22.98684219,0.037804656,4.760576543,0.059434265,200.2924,202.8646,195.0496,-21.89510362,0.060162865,6.314193762,0.03974823,22.787378,6.9404926,0.51235306
HATS-48,,,Gaia DR3 6638412919991750912,288.6720057,0.012646141,-59.57934964,0.013732165,3.684733991,0.018612556,271.2924,273.9671,269.5404,3.171909266,0.01615301,6.152906999,0.013354852,6.9223747,-20.335001,1.8658215
HATS-58,,,,,,,,,,,,,,,,,,,
HATS-65,,,Gaia DR3 6766134630213144704,292.9397819,0.012390223,-26.74020215,0.012250274,2.018578844,0.014178132,490.5103,493.9589,487.3315,-3.393776782,0.014055742,-0.229766416,0.012485632,3.4015458,-14.929991,2.5985925
HATS-74,,,Gaia DR3 3545653561942122368,171.0147863,0.03320715,-19.55695335,0.026346665,3.424782522,0.04191937,--,--,--,-38.9922622,0.042772967,39.57832196,0.034395494,55.559338,--,--
HD 100655,G9III,,Gaia DR3 3979226627820659072,173.7653543,0.021162935,20.44154084,0.026440343,7.234507791,0.029444145,--,--,--,-59.89736061,0.02586394,-0.996171227,0.025190866,59.905643,-5.161237,0.13228858
HD 101930,K2V+,2006AJ....132..161G,Gaia DR3 5341787994441794176,175.8756123,0.01274169,-58.0053313,0.014598976,33.38140418,0.017959077,--,--,--,16.67999947,0.017503545,349.1253791,0.018964421,349.52362,18.185888,0.12344411
HD 102365,G2V,2006AJ....132..161G,Gaia DR3 5381537023379295232,176.6205206,0.05680687,-40.49856515,0.05863287,107.3024339,0.08731465,9.3339,9.4436,9.3129,-1530.97051,0.06000649,403.2865749,0.07325505,1583.1964,16.94267,0.118458375
HD 102956,K0III,,Gaia DR3 845335158256083584,177.8436957,0.012671911,57.640656,0.013000028,8.169064992,0.01805351,119.667,120.9343,117.7089,-12.00237152,0.015942464,-17.53002728,0.016797002,21.245207,-26.043434,0.11705196
HD 103774,F6V,1999MSS...C05....0H,Gaia DR3 3574907305749250432,179.2310552,0.018155644,-12.10799786,0.015579281,17.79875149,0.027288398,56.0292,56.1297,55.9484,-125.0768656,0.022827435,-19.94988149,0.017346183,126.65788,-2.9305987,0.121135
HD 106515,K0-V,2003AJ....126.2048G,,,,,,,,,,,,,,,,,
HD 107148,G5V,1999MSS...C05....0H,Gaia DR3 3693358861640279296,184.8059697,0.021029318,-3.319999244,0.016354265,20.24801044,0.028255887,49.2507,49.3209,49.178,-54.5647665,0.03376359,-47.37599602,0.022828955,72.26202,25.231924,0.12873532
HD 108341,K2V,1975MSS...C01....0H,Gaia DR3 5842782219960409728,186.8791196,0.010406542,-71.42247367,0.010556224,20.430068,0.012568741,48.8996,48.9312,48.8682,-120.9150671,0.012826811,114.240259,0.015489675,166.3469,56.696373,0.15518796
HD 109749,G3V,1982PASP...94..304L,Gaia DR3 6147000074988843264,189.31732,0.019780558,-40.81214664,0.017306373,15.81342102,0.026280481,63.1029,63.239,62.9648,-157.3075116,0.021834414,-6.357479269,0.020224959,157.43593,-13.124438,0.132685
HD 110082,F6/7V,1975MSS...C01....0H,Gaia DR3 5765748511163751936,192.5892054,0.010295281,-88.12111318,0.011434684,9.51121945,0.011999784,104.9605,105.0873,104.8265,-18.74041459,0.012641294,-17.89609346,0.015597742,25.912802,2.9267962,0.3768603
HD 113996,K5-III,1989ApJS...71..245K,Gaia DR3 1460876573902483328,196.7948793,0.08008067,27.62442856,0.08557845,8.598944925,0.13266973,122.0043,122.6318,121.5383,34.15493678,0.12514876,-69.53863659,0.18109833,77.47375,-15.890281,0.12694353
HD 114729,G0V,2006AJ....132..161G,Gaia DR3 6180035765135232128,198.183367,0.015379673,-31.87471836,0.014238618,26.33776957,0.01871934,37.9106,37.9411,37.8742,-199.9274281,0.019895801,-308.1299587,0.016520394,367.30783,64.94375,0.124783345
HD 114762,F9VgF8mF4+M6?V,2013yCat....1.2023S,Gaia DR3 3937211745905473024,198.0795467,0.077853836,17.51712428,0.066571645,26.19785167,0.10816515,38.4357,38.6063,38.2739,-580.9987483,0.12597264,1.062050987,0.14199933,580.9997,49.63159,0.17909902
HD 116029,K1IV,1997JApA...18..161Y,Gaia DR3 1446584503287858560,200.1646884,0.016926879,24.64846526,0.012445618,8.120393914,0.025020376,122.3353,122.8237,121.9113,-14.32154418,0.025043983,-52.25240159,0.016530579,54.179516,-6.739653,0.11857863
HD 11964,G9VCN+1,2006AJ....132..161G,Gaia DR3 2462426800883134336,29.28837342,0.024075536,-10.24350298,0.014397577,29.79282178,0.024518276,--,--,--,-366.9970029,0.03826788,-242.3856569,0.015286745,439.81543,-9.392241,0.11960152
HD 125612,G3V,1988MSS...C04....0H,Gaia DR3 6296703260330865536,215.2227095,0.024917059,-17.48182409,0.022548791,17.289653,0.027880002,57.6973,57.7864,57.5967,-60.25996443,0.034376852,-67.31421546,0.027133515,90.346375,-18.249695,0.15381078
HD 126614,G8IV,1999MSS...C05....0H,Gaia DR3 3641697998570813952,216.7004962,0.016495397,-5.178429568,0.013730577,13.6633138,0.016580151,72.9784,73.0693,72.8953,-149.760483,0.023250038,-145.8367902,0.017769676,209.03725,-32.699764,0.15063737
HD 132563,F8III,,,,,,,,,,,,,,,,,,
HD 133131,G2V+G2V,1972A&A....18..341S,,,,,,,,,,,,,,,,,
HD 142,F7V,2006AJ....132..161G,Gaia DR3 4976894960284258048,1.583799065,0.01700703,-49.07536819,0.020568669,38.19453347,0.035520833,26.1689,26.1961,26.1405,575.0993084,0.017257318,-40.87409569,0.023774054,576.55,5.7567415,0.1160367
HD 142022,G9IV-V,2006AJ....132..161G,Gaia DR3 5768159705804908800,242.5477065,0.013737896,-84.23175381,0.016443267,29.19911865,0.017200772,34.0907,34.1185,34.0596,-337.2704483,0.019196784,-31.38612228,0.023290636,338.7277,-9.961685,0.13421611
HD 142245,K0,1993yCat.3135....0C,Gaia DR3 1193193836691820032,238.2342361,0.017287588,15.4306088,0.013774642,10.23737783,0.022432208,97.0832,97.3599,96.8131,-57.31166375,0.020034017,-21.6410383,0.017195404,61.261417,6.6801343,0.11783459
HD 147379,M1-Ve,1989ApJS...71..245K,Gaia DR3 1642641410934267008,244.1723899,0.01526464,67.23921577,0.014311981,92.87660494,0.014588618,10.768,10.7932,10.7478,-497.9154284,0.018054526,84.04651524,0.018186517,504.95898,-19.619755,0.13084833
HD 147513,G5V,2006A&A...460..695T,Gaia DR3 6018047019138644480,246.0058027,0.057033733,-39.19296557,0.038358666,77.56546482,0.066113755,12.8827,12.8955,12.8646,73.74835928,0.08200179,3.366538625,0.05878225,73.82516,12.845835,0.12912242
HD 147873,G1V,1982MSS...C03....0H,Gaia DR3 6024733935303422208,246.438044,0.027797727,-33.56722492,0.016620157,9.079629997,0.028979711,108.2113,108.9293,107.598,-18.68486575,0.036454007,-22.7975631,0.024648763,29.476315,22.955942,0.1568265
HD 155233,K1III,1988MSS...C04....0H,Gaia DR3 4116106136072676608,257.7681376,0.021585645,-20.65518327,0.013855631,13.36685858,0.028057287,75.0555,75.2291,74.8628,-9.822652458,0.02930866,-138.3382161,0.020457285,138.68651,-10.446684,0.121484205
HD 156846,G1V,1988MSS...C04....0H,Gaia DR3 4122343906051101184,260.1423164,0.019656526,-19.33438493,0.013653706,20.96835127,0.022890199,47.5339,47.6188,47.0933,-137.0760579,0.028970147,-143.3776231,0.018713543,198.36075,-68.56453,0.12194873
HD 16141,G2V,1974AJ.....79..682H,Gaia DR3 2495335115182966016,38.83234577,0.023298416,-3.562549586,0.020894906,26.50571796,0.027086018,37.8206,38.0616,37.7209,-155.5013599,0.03193539,-437.8477711,0.024878213,464.64108,-50.954742,0.12366924
HD 16417,G1V,2006AJ....132..161G,Gaia DR3 5062172841616745856,39.24409983,0.015343766,-34.57912647,0.0205559,39.29461609,0.030513747,25.522,25.6514,25.4391,-18.36289553,0.018027961,-259.0017084,0.026518108,259.65186,11.155645,0.11674504
HD 164509,G2V,1999MSS...C05....0H,Gaia DR3 4275421969292868224,270.38008,0.016202902,0.104465662,0.015971951,18.61552854,0.021881752,53.6103,53.6666,53.5427,-7.876353618,0.021389786,-20.46164134,0.019880105,21.92523,13.562283,0.13872524
HD 164595,G2V,1970AJ.....75..507H,Gaia DR3 4584639307993378432,270.1613502,0.010296538,29.57269385,0.013059141,35.40197794,0.014562073,28.1656,28.1865,28.1383,-138.9818127,0.012895981,173.5020964,0.0156135,222.30367,1.9887282,0.12407725
HD 170469,G5,1993yCat.3135....0C,Gaia DR3 4484013343859055744,277.2955354,0.018533817,11.69542184,0.01925682,16.57318734,0.023059517,60.2299,60.3245,60.1266,-48.2766197,0.02358994,-17.79138687,0.025816463,51.45061,-59.344173,0.12945485
HD 177830,K0+M4V,2015AJ....150..103R,Gaia DR3 2035963417721248128,286.3363511,0.009085716,25.92042534,0.013295014,16.00629602,0.016456528,--,--,--,-41.24770874,0.011535249,-52.58040108,0.017127749,66.828674,-72.270805,0.11962795
HD 178911,G1V+K1V,2014AJ....148...48F,Gaia DR3 2044341077844183040,287.2685428,0.63276976,34.60126579,0.8587986,--,--,--,--,--,--,--,--,--,--,-41.652843,4.521365
HD 180617,M3-V,1989ApJS...71..245K,Gaia DR3 4293318823182081408,289.2276515,0.01995468,5.162976303,0.01894904,169.0615053,0.023926072,5.9095,5.9179,5.886,-579.0805297,0.024688331,-1332.867716,0.021144519,1453.2277,35.329697,0.13070686
HD 180902,K0III/IV,1988MSS...C04....0H,Gaia DR3 6770721346051487872,289.8239661,0.019261656,-23.55824605,0.016281215,9.515695219,0.021209944,106.8738,107.0917,106.6366,37.83153957,0.0219272,-20.33426822,0.017970385,42.95006,-3.2713704,0.13683005
HD 185269,G2V,1969AJ.....74..916H,Gaia DR3 2031479093959232128,294.2987619,0.010781099,28.49950269,0.013587195,19.24225944,0.018206649,51.8846,51.9316,51.8389,-31.56341344,0.01529495,-81.08241077,0.018166473,87.00923,0.6801144,0.120384894
HD 188015,G5IV,,Gaia DR3 2028419118720795392,298.019194,0.012030955,28.09996401,0.014150579,19.70036131,0.019411655,50.7775,52.0019,50.6126,52.80947669,0.01532088,-92.16625206,0.017297145,106.223625,0.16413224,0.12052653
HD 189733,K2V,2003AJ....126.2048G,Gaia DR3 1827242816201846144,300.1821218,0.009658503,22.70974111,0.011860526,50.56684941,0.016198024,19.7679,19.7801,19.7604,-3.208339785,0.011052146,-250.3233309,0.013954463,250.34389,-2.531722,0.122242704
HD 190360,G7IV-V,2006AJ....132..161G,Gaia DR3 2029433521248546304,300.9093571,0.020898439,29.89446794,0.026556011,62.48650893,0.03535643,15.9992,16.0182,15.9873,683.1962193,0.027248329,-525.501037,0.036196236,861.9213,-45.338062,0.11665686
HD 195019,G1V,2001AJ....121.2148G,Gaia DR3 1815418118373631360,307.079294,0.012170137,18.76924294,0.013125293,26.64647931,0.022455148,37.3538,37.4483,37.1984,349.6197744,0.015586267,-56.61835906,0.01876193,354.17456,-91.263794,0.119012125
HD 196050,G3V,1975MSS...C01....0H,Gaia DR3 6454954010413575296,309.4637255,0.012968217,-60.63477399,0.01256686,19.78715644,0.020504005,50.5923,51.0562,50.4408,-191.1176912,0.013689691,-65.01991683,0.015212666,201.8751,61.372757,0.124192365
HD 196067,G0V,2006AJ....132..161G,Gaia DR3 6369544118965772416,310.4365054,0.014637662,-75.3515218,0.017657673,25.03272492,0.020531353,39.9381,39.9914,39.904,156.4041281,0.019299628,-162.2141517,0.022437656,225.3346,-11.00263,0.12329576
HD 196885,F8V,2001AJ....121.2148G,Gaia DR3 1754430373040023168,309.966471,0.020398349,11.25003591,0.015098949,29.40764877,0.027209938,33.966,33.9985,33.935,71.91462357,0.031676054,89.31770958,0.02572654,114.670685,-31.088703,0.13031945
HD 197037,G0,1993yCat.3135....0C,Gaia DR3 2066437688140905600,309.8869563,0.010640309,42.2475621,0.013249483,30.22857799,0.014290423,33.0502,33.0668,33.0331,-62.74458864,0.014368663,-222.1683289,0.017047448,230.8585,8.888768,0.12550311
HD 19994,F8.5V,2003AJ....126.2048G,Gaia DR3 3265335443260522112,48.19434612,0.13297834,-1.196405011,0.09882143,43.70273456,0.13252045,--,--,--,193.5488472,0.15142389,-68.88848442,0.11010126,205.44289,19.302824,0.12092308
HD 202206,G6V,1988MSS...C04....0H,Gaia DR3 6832155218215202944,318.7405163,0.02205593,-20.78974517,0.0164954,21.93920162,0.027478134,45.4651,45.6705,45.3592,-39.17349531,0.027121015,-120.0684614,0.02249806,126.297264,14.6255045,0.18853752
HD 202772,G8/K1+A/F,1982MSS...C03....0H,,,,,,,,,,,,,,,,,
HD 204941,K2V,2006AJ....132..161G,Gaia DR3 6830027182179257472,323.09663,0.020023622,-20.95797437,0.017491473,34.88297299,0.027438005,28.6146,28.6368,28.5921,-278.8681662,0.026948908,-124.3147887,0.020303879,305.32217,32.47982,0.12799987
HD 20781,G9.5V,2006AJ....132..161G,Gaia DR3 5060105897197110144,50.01403102,0.009684992,-28.78412676,0.015486894,27.81232305,0.02385499,35.8977,35.9382,35.86,348.8686604,0.014826859,-66.61443733,0.018604925,355.17154,40.27011,0.12039765
HD 20782,G1.5V,2006AJ....132..161G,Gaia DR3 5060104351007433472,50.01667856,0.007146744,-28.85436258,0.011086379,27.8759604,0.017160077,35.8082,35.8425,35.6724,349.0538299,0.010815701,-65.30521476,0.013250487,355.11032,39.849407,0.117954694
HD 207832,G5V,1982MSS...C03....0H,Gaia DR3 6812056381881853056,328.1518093,0.012741716,-26.02719486,0.012613678,16.88968602,0.015134322,58.9495,59.009,58.8939,129.3098843,0.01602199,-143.132023,0.015297837,192.8933,-16.753683,0.12498664
HD 212301,F8V,1975MSS...C01....0H,Gaia DR3 6356860393345181824,336.880446,0.013938213,-77.71833483,0.015422077,18.48491511,0.017732732,54.0564,54.1116,54.0018,76.78182152,0.02190538,-92.4124135,0.02170964,120.147835,4.6076446,0.1271446
HD 213240,G0/1V,1978MSS...C02....0H,Gaia DR3 6517058790835773440,337.7505976,0.013644517,-49.43413069,0.01645279,24.42466879,0.020756882,40.8963,40.9309,40.8624,-135.9123062,0.016845256,-193.844181,0.019897863,236.744,-0.36914852,0.123482466
HD 214823,G0,1993yCat.3135....0C,Gaia DR3 1889143121789650176,340.0832194,0.017187387,31.78751574,0.023764944,9.879512134,0.030773778,99.4496,100.5092,94.0853,81.27681211,0.024196185,-18.07960606,0.032722887,83.26339,-44.1388,0.15668713
HD 217786,F8V,1999MSS...C05....0H,Gaia DR3 2650902026099857920,345.7837966,0.0911366,-0.430382999,0.07127645,18.19369557,0.106383786,55.7822,56.1558,55.4652,-88.68205795,0.10025106,-169.4895916,0.08652145,191.28835,10.0128145,0.1437263
HD 220842,F8,1993yCat.3135....0C,Gaia DR3 1997273733835247616,351.6533934,0.013532719,56.88716126,0.014349286,15.39849422,0.018254146,64.8329,64.9186,64.7529,-89.18171931,0.016901331,143.0733792,0.017088117,168.59232,-22.660078,0.1330972
HD 222582,G5V,1999MSS...C05....0H,Gaia DR3 2440578577126302336,355.4640585,0.021773372,-5.986253467,0.017591424,23.795509,0.023837755,41.9626,42.0033,41.9171,-145.4915603,0.028769132,-111.4584901,0.021433381,183.27791,12.04019,0.1267504
HD 233832,K2,1985ApJS...59..197B,Gaia DR3 790236569006916096,171.5195484,0.009402816,50.37632721,0.011279248,17.12576168,0.015783304,58.207,58.2847,58.0867,-473.8591625,0.010686164,124.3032592,0.01313154,489.89163,-65.37456,0.2846868
HD 23596,F8,1993yCat.3135....0C,Gaia DR3 224870885460646016,57.00186972,0.025615543,40.53073384,0.01811703,19.32469307,0.030648055,51.6625,51.7624,51.5668,52.74173148,0.038585905,21.74006677,0.0261072,57.046654,-10.179395,0.12587237
HD 25171,F8V,1975MSS...C01....0H,Gaia DR3 4670023700215616768,58.95752573,0.016465006,-65.18631252,0.015990397,17.92795587,0.016269086,55.7853,55.9022,55.7197,144.0198095,0.022012625,81.55023835,0.020214725,165.50574,43.68032,0.13179345
HD 2638,K1V,1999MSS...C05....0H,Gaia DR3 2526925389919277056,7.498988813,0.023218002,-5.76499092,0.015840404,18.28745112,0.024469318,54.6767,55.1932,54.5596,-107.1395625,0.034511343,-223.1979984,0.022123886,247.58076,9.803659,0.18140289
HD 26965,K0V,1989ApJS...71..245K,Gaia DR3 3195919528989223040,63.80795301,0.09761786,-7.668077815,0.06970807,199.6080124,0.12083028,--,--,--,-2240.084984,0.13507964,-3421.80862,0.09439368,4089.8354,-42.46972,0.11956516
HD 27442,K2III,2006AJ....132..161G,Gaia DR3 4678664766393829504,64.1205346,0.08157478,-59.30290022,0.098068416,54.2286306,0.1018749,--,--,--,-47.78530523,0.10137576,-167.8057365,0.14726165,174.47693,28.96301,0.12235008
HD 28254,G5V,1978MSS...C02....0H,Gaia DR3 4781553628548774656,66.21079948,0.022410272,-50.62282803,0.023903627,18.1241611,0.02470812,55.1009,55.2456,54.8825,-67.27743212,0.027998008,-143.679801,0.03515697,158.651,-9.424022,0.12203058
HD 30856,K0III,1988MSS...C04....0H,Gaia DR3 4893980371818915456,72.57451278,0.009771409,-24.36893088,0.013614565,7.596489163,0.017850986,128.5245,129.8985,125.2091,18.46912843,0.013848557,-19.83687194,0.017377878,27.103693,35.514996,0.12151834
HD 33283,G3/5V,1982MSS...C03....0H,Gaia DR3 2955981936912654592,77.00449762,0.012185984,-26.79767524,0.014667694,11.15955292,0.018180376,89.3807,89.5333,89.2303,56.16662157,0.016493944,-46.04771596,0.019018898,72.62975,4.8738537,0.11940892
HD 38529,G8III/IV,1999MSS...C05....0H,Gaia DR3 3219847066672970368,86.64512553,0.034145754,1.167566977,0.033877816,23.5713719,0.042150404,--,--,--,-77.80648863,0.040960666,-141.3628765,0.038225744,161.36081,30.187641,0.11798345
HD 40979,F8,1993yCat.3135....0C,Gaia DR3 961428192989499904,91.12535302,0.017914612,44.25976431,0.016612133,29.42991632,0.021254102,33.9367,33.9615,33.9118,95.06577761,0.02118931,-152.6513897,0.017171249,179.83311,32.560566,0.12501417
HD 41004,K1IV,2006A&A...460..695T,Gaia DR3 4794830231453653888,89.95658599,0.0917022,-48.23940084,0.11235485,25.61059246,0.10427584,--,--,--,-43.41786597,0.11457672,65.33320013,0.122742616,78.44449,42.363117,0.13787788
HD 4113,G5V,1982MSS...C03....0H,Gaia DR3 5000774703569900800,10.80276026,0.015608572,-37.98314066,0.01580268,23.82560905,0.02398091,41.8129,41.9176,41.451,49.41244432,0.015568614,-114.290348,0.023821704,124.51455,5.051237,0.12062019
HD 43691,G0IV,2007A&A...473..323D,Gaia DR3 959971546241608576,94.89461658,0.02774692,41.09206995,0.024975888,11.67259253,0.034560822,83.9385,84.8741,81.7994,22.6842675,0.031852696,-53.13967559,0.025417674,57.7789,-29.033539,0.12651964
HD 46375,G9V,2018MNRAS.481.3244G,Gaia DR3 3131777319158581376,98.30309187,0.019260634,5.462493694,0.01810558,33.87975607,0.02242616,29.5226,29.8717,29.4779,111.6239899,0.025227848,-96.95211135,0.02050293,147.85002,-1.0920392,0.1329027
HD 4732,K0III,1988MSS...C04....0H,Gaia DR3 2345744256120965504,12.30852121,0.034837753,-24.13691582,0.022230627,18.14409285,0.04217959,54.9345,55.0553,54.8067,81.16500724,0.05088934,-56.64207135,0.044998083,98.97516,24.806753,0.12148604
HD 59686,K2III,1935ApJ....81..187A,Gaia DR3 3169225963647395712,112.9518686,0.07328671,17.08570908,0.05585842,11.32976857,0.07642153,--,--,--,39.38479275,0.09695596,-75.75219644,0.07208037,85.37891,-33.35086,0.14744395
HD 65216,G5V,1975MSS...C01....0H,Gaia DR3 5287961677550103424,118.4209259,0.020161767,-63.64666883,0.017666917,28.44189194,0.018097308,34.9943,35.1157,34.8862,-123.7403094,0.028725464,146.6019867,0.022635803,191.84319,42.581425,0.122202866
HD 7449,F9.5V,2006AJ....132..161G,Gaia DR3 2482820714353923072,18.62144205,0.02327625,-5.047990245,0.021193502,25.91321537,0.028655913,38.5116,38.5569,38.464,-164.5444747,0.03857158,-134.3819642,0.028442046,212.44621,-19.599012,0.1285431
HD 75289,F9VFe+0.3,2006AJ....132..161G,Gaia DR3 5524982093479504384,131.9181677,0.012511311,-41.73780643,0.015600181,34.4544907,0.016486546,29.0068,29.0418,28.9138,-20.37629792,0.01724401,-227.9871488,0.019463867,228.8959,9.307374,0.12986632
HD 79498,G5,1993yCat.3135....0C,Gaia DR3 686996756484129664,138.7885602,0.02452703,23.37485762,0.01980528,20.56581282,0.030126292,48.4673,48.551,48.3515,-127.0134743,0.03031277,-155.7027859,0.026502864,200.93726,19.94139,0.13895267
HD 80606,G8V,2018MNRAS.481.3244G,Gaia DR3 1019003226022657920,140.6569623,0.012740567,50.60377795,0.011434339,15.14390291,0.016966274,65.8727,65.9598,65.7893,56.02246625,0.015299719,10.33050796,0.014519787,56.966972,3.7869616,0.16283408
HD 8535,G0V,1978MSS...C02....0H,Gaia DR3 4984244302162168704,20.90549113,0.010032299,-41.27011043,0.012450327,18.06572711,0.018059837,55.3108,55.369,55.2465,57.79501122,0.01214985,-69.87862463,0.015958067,90.682335,2.5079744,0.11948716
HD 86081,G1V,1999MSS...C05....0H,Gaia DR3 3823126385045210880,149.0243621,0.015918935,-3.808351951,0.015586728,9.678276495,0.01963038,103.0123,103.3053,102.7671,-66.93909987,0.018717127,16.17798973,0.01800617,68.866325,30.796553,0.19302088
HD 8673,F7V,1990ApJ...351..467B,Gaia DR3 317350357498173312,21.53788529,0.028395882,34.57932714,0.019562976,26.20363201,0.037020244,38.1044,38.1586,38.0486,236.271165,0.030341545,-84.63157204,0.021936355,250.97125,19.083519,0.14403705
HD 87646,G2V,2018MNRAS.481.3244G,Gaia DR3 623313901995781632,151.6695321,0.48966745,17.89497449,0.5415565,10.81793376,0.6199829,123.5267,124.0724,123.3268,-73.32804584,0.6249523,-23.15086835,0.5779194,76.895805,20.541641,0.38738567
HD 89744,F7V,,Gaia DR3 804739952015901056,155.543297,0.032705292,41.22891638,0.03467175,25.93336354,0.04362463,38.4778,38.5568,38.3739,-120.2846307,0.041562602,-138.171299,0.04989711,183.19307,-5.379384,0.12376274
HD 93963,G5,1993yCat.3135....0C,Gaia DR3 729899906357408768,162.7766826,0.013391248,25.64106186,0.013235514,12.15060187,0.01712876,82.0514,82.4372,81.9002,-92.83332777,0.01424374,-22.91109359,0.013768729,95.61875,13.366902,0.16156483
HD 96167,G3V,1999MSS...C05....0H,Gaia DR3 3758718711877270784,166.3125585,0.02533411,-10.29134622,0.018548952,11.72787138,0.026617406,85.0627,85.2457,84.8771,-50.53242307,0.031484935,-9.196777762,0.022461768,51.3625,12.06678,0.14064156
HD 98736,K0,1985ApJS...59..197B,Gaia DR3 3977050728669174912,170.4548823,0.02438665,18.18959542,0.022062158,30.94723293,0.03147176,32.2764,32.309,32.2384,-151.9452052,0.029788354,-92.3855032,0.023785695,177.82695,-3.4230802,0.13132785
HD 99492,K3,1985ApJS...59..197B,Gaia DR3 3812355294262255104,171.6895858,0.024027161,3.007159335,0.022858704,55.06176661,0.030359352,--,--,--,-728.1307285,0.033715114,188.5540155,0.027381204,752.14825,3.6292856,0.1298031
HIP 109600,G5,,Gaia DR3 1894962115280642688,333.0271122,0.01217188,29.06622096,0.011761731,15.07023301,0.016051622,66.0553,66.1358,65.9807,208.7788246,0.01887634,92.14251185,0.014685454,228.20789,-70.17225,0.18635994
HIP 116454,K0,,Gaia DR3 2645940376800212096,353.9543193,0.016962092,0.444678211,0.015082418,15.96959772,0.024424372,62.6492,63.0459,62.4463,-232.9004182,0.018677566,-187.687966,0.017076096,299.11432,-3.194702,0.19605897
HIP 65,K4V,2020A&A...639A..76N,Gaia DR3 4923860051276772608,0.185557465,0.006445344,-54.83083282,0.006732112,16.1641445,0.00932246,61.8702,61.936,61.4651,-202.7111034,0.008062241,-71.61254357,0.008971466,214.98871,21.18429,0.20528927
HIP 70849,K7Vk,2006AJ....132..161G,Gaia DR3 6099000589942631424,217.3270673,0.010241826,-46.46471195,0.013584425,41.46178336,0.017520834,24.1463,25.6063,24.0372,-44.05102035,0.016871551,-201.5774058,0.020301444,206.33453,-0.10510431,0.16218662
HIP 75056,A2V,1982MSS...C03....0H,Gaia DR3 6206053714943873408,230.0556817,0.035134275,-34.9255522,0.025382487,8.202768677,0.040113952,--,--,--,-22.63108413,0.04432529,-25.86057335,0.03261782,34.36474,--,--
HIP 79098,B9V,1988MSS...C04....0H,Gaia DR3 6242058872466158848,242.1821189,0.17436348,-23.68552801,0.11843499,6.476159567,0.18394712,158.0536,162.1392,153.8505,-10.08667429,0.22412714,-26.08500808,0.17874315,27.967278,--,--
HIP 8541,K2III/IV,1975MSS...C01....0H,Gaia DR3 4912062772547406976,27.52722273,0.013027287,-54.46516976,0.012710262,6.496371918,0.01564975,--,--,--,110.6166704,0.015191943,-46.79799688,0.01503429,120.1087,6.9171057,0.117557175
HIP 94235,G1V,2006A&A...460..695T,Gaia DR3 6632318361397624960,287.7411474,0.012169516,-60.2726498,0.014640467,17.08068748,0.02084719,58.389,58.4667,58.3144,11.63246414,0.018302644,-100.8355977,0.018081304,101.50434,9.470981,0.24549311
HR 5183,G0V,2003AJ....126.2048G,Gaia DR3 3721126409323324416,206.7357279,0.020500887,6.349884091,0.016321117,31.78064851,0.025737368,31.4918,31.5651,31.4456,-510.4673276,0.026982678,-110.2120675,0.019599138,522.22943,-30.549679,0.12793541
HR 858,F6V,2006AJ....132..161G,Gaia DR3 5064574724769475968,42.98499789,0.014782763,-30.81404622,0.022778971,31.54176892,0.035200343,31.6835,31.7233,31.6456,123.4353217,0.024857366,105.9956323,0.03730978,162.7002,9.765037,0.1199631
HU Aqr,D+M4V,2015MNRAS.448.1118G,Gaia DR3 6911950900211768704,316.9921886,0.03912281,-5.294878161,0.032066286,5.235383352,0.04574113,--,--,--,-64.57910535,0.04568475,-62.73169742,0.036917057,90.03181,--,--
HW Vir,sdB2VIIHe3,2013A&A...551A..31D,Gaia DR3 3675067076961979264,191.0843681,0.054519493,-8.671416492,0.026605517,5.772830662,0.059018712,--,--,--,9.008625314,0.09048828,-15.82943606,0.056030918,18.213358,--,--
K2-122,M0V,2017ApJ...836..167D,Gaia DR3 663843343706623232,126.4762146,0.014178279,20.35933104,0.00979895,13.82952427,0.015077018,--,--,--,-22.12165317,0.015259973,-53.35530308,0.011049132,57.759464,-15.132265,0.47580627
K2-136,K5.5V,2018AJ....155....4M,Gaia DR3 145916050683920128,67.41287399,0.016438758,22.88256246,0.008718003,16.98181159,0.018911948,59.3272,59.391,59.2149,82.77793358,0.020850172,-35.54097842,0.014976908,90.08522,39.722755,0.37491146
K2-148,K7V,2019AJ....158...87D,Gaia DR3 2536443724641751808,14.51764404,0.014025956,-0.193261296,0.00984096,8.034533586,0.016254852,124.1249,126.2407,123.7027,-38.7916353,0.022307178,-23.68875449,0.018545354,45.4527,1.3418597,1.2692814
K2-151,M1.5V,2018AJ....155..127H,Gaia DR3 2579620343673729408,19.30478112,0.013320196,9.501262291,0.009979212,14.42458261,0.015469381,--,--,--,55.48920968,0.021059334,-28.9422484,0.013293064,62.58359,-49.456123,1.6545866
K2-22,K7V,2017ApJ...836..167D,Gaia DR3 3811002791880297600,169.4827008,0.02799968,2.619035694,0.021308722,4.140556401,0.02950662,--,--,--,-27.26028884,0.032254037,-4.679085557,0.023062095,27.658943,--,--
K2-265,?+M4-7,2018AJ....156..182L,Gaia DR3 2597119620985658496,342.0316537,0.015085243,-14.49478219,0.012183366,7.15495732,0.01606934,138.9779,139.3013,138.6807,30.13812205,0.019944713,-23.35910639,0.015844518,38.130753,-17.427114,0.6151067
K2-266,K5V,2019AJ....158...87D,Gaia DR3 3855246074629979264,157.9356935,0.014296811,0.937268667,0.014674696,12.87028355,0.016491577,77.895,78.0282,77.7819,57.01928283,0.016778033,-68.87106137,0.015353483,89.41153,10.831064,0.44226086
K2-27,,,Gaia DR3 3798552815560689792,171.5151879,0.012062331,1.230620031,0.012565391,4.021887418,0.01598977,--,--,--,3.366977602,0.016237568,-26.80453282,0.013829371,27.015171,-38.968273,1.0522408
K2-288,M2V,2019AJ....158...87D,,,,,,,,,,,,,,,,,
K2-29,K2V,2019AJ....158...87D,Gaia DR3 150054788545735424,62.67042447,0.016690085,24.4016528,0.009686414,5.643499489,0.018928163,173.6632,176.852,172.5823,16.34951382,0.023365306,-22.06331544,0.016495777,27.460817,32.76917,0.47906342
K2-290,,,Gaia DR3 6253844468883543680,234.8578886,0.020721555,-20.19889989,0.014051214,3.712570297,0.020816188,266.557,267.7481,265.2963,27.04349205,0.026867365,-16.82004997,0.01764968,31.84752,19.290207,0.33001363
K2-31,G7V,2016AJ....152..132G,Gaia DR3 6050191241556876672,245.4405469,0.015001237,-23.54828644,0.008946324,9.07601757,0.016714944,109.1978,109.4859,108.4253,-40.23732319,0.019292489,-96.47381853,0.0138782,104.528656,-4.537106,0.26155254
K2-32,,,Gaia DR3 4130539180358512768,252.4260055,0.014278245,-19.54305789,0.006870641,6.393921855,0.015321931,156.018,156.4253,155.5939,-16.66196862,0.018002376,-53.56380141,0.012714641,56.095474,-2.0157804,0.54055315
KELT-15,,,Gaia DR3 5489780919480009472,117.4149754,0.00964373,-52.12044735,0.009304744,3.158947133,0.009998723,314.8128,315.7816,313.8671,-4.401270989,0.013022099,-2.19775165,0.012001749,4.9194818,12.205707,0.41209
KELT-16,F7V,2017AJ....153...97O,Gaia DR3 1864885215233116032,314.2685236,0.007898421,31.66101886,0.009713895,2.247154456,0.013332167,447.4885,489.7386,438.054,5.629043535,0.010607106,2.28151062,0.013002519,6.073831,-29.781105,0.55195475
KELT-18,F5,,Gaia DR3 1612165353793791488,216.5238196,0.010957849,59.44427437,0.011293005,3.160701279,0.011780496,309.9514,313.6901,306.1392,-19.2700734,0.014670738,6.12416889,0.014471649,20.219822,-10.648966,0.44457114
KELT-19,A8V+G9V/K1V,2018AJ....155...35S,Gaia DR3 3142847477107193344,111.509529,0.017696513,7.615775609,0.016386824,3.395962837,0.020301534,289.0005,291.7046,285.6869,-2.998324194,0.021475583,-1.427125414,0.019092342,3.3206377,-7.0949388,2.1571434
KELT-2,F7V,,Gaia DR3 3438059369839738624,92.66402529,0.018549692,30.95713304,0.015097978,7.432694405,0.021666136,133.7117,134.0912,133.3127,16.72630682,0.023073964,-2.154784771,0.016901726,16.864532,-47.380737,0.1850793
KELT-23,K,,Gaia DR3 1644692064543192704,232.1466409,0.011865644,66.35870798,0.011366067,7.871302223,0.012976425,126.6065,126.8195,126.3927,0.638953612,0.01462287,-12.16881976,0.016368972,12.185583,-14.989983,0.30177101
KELT-3,F2,,Gaia DR3 806492023789218688,148.6431142,0.018834064,40.3879413,0.017511128,4.785969353,0.027193952,206.1377,207.2364,205.0869,-28.21695788,0.019581867,-24.068224,0.022221345,37.08741,28.19507,0.25267747
KELT-4,F8,,,,,,,,,,,,,,,,,,
KELT-9,A0,1993yCat.3135....0C,Gaia DR3 2064327278651198336,307.8599028,0.01920192,39.938919,0.020882355,4.825836101,0.024752686,211.0618,213.3349,209.2633,16.71657805,0.025312958,20.96090596,0.025505612,26.810513,-20.228071,0.49226907
KIC 5095269,F5V,2016A&A...594A..39F,Gaia DR3 2101127864119148160,290.5519541,0.009428723,40.23504472,0.009456256,0.841481522,0.010555738,1142.9401,1156.9084,1129.7009,2.400461181,0.012878411,1.448994907,0.011605344,2.8038902,15.372425,5.5337925
KIC 5951458,F5V,2016A&A...594A..39F,Gaia DR3 2102202464934586752,288.9916232,0.010849256,41.22306939,0.012390709,1.39603461,0.013105379,714.9767,723.3553,708.1846,7.359735922,0.015053569,8.450648558,0.016679404,11.206211,-25.033464,1.3085324
KMT-2021-BLG-0322L,,,,,,,,,,,,,,,,,,,
KOI-1257,G5V,2014A&A...571A..37S,Gaia DR3 2126633166627436928,291.2250867,0.1897795,44.92728927,0.20515904,0.438738221,0.2138494,1104.4271,1141.288,771.5844,-10.35752049,0.25008318,-17.66521122,0.2658866,20.477741,16.725155,15.783244
KOI-13,A0,,,,,,,,,,,,,,,,,,
KOI-94,,,Gaia DR3 2076970047474270208,297.333072,0.007135604,41.89111872,0.008199404,2.106923778,0.008604879,469.8221,471.6986,467.9638,2.063255527,0.009803077,1.336795344,0.010507379,2.458464,-18.910536,1.181806
Kepler-1008,K2,2016A&A...594A..39F,Gaia DR3 2079733154550359424,296.5476423,0.008791985,44.94182814,0.011258564,3.523746389,0.010498893,281.057,281.9541,280.2564,14.51525642,0.011455517,-18.0529587,0.013345313,23.16467,10.963716,2.2743762
Kepler-1027,G5V,2016A&A...594A..39F,Gaia DR3 2102600488143944192,287.5711749,0.021757554,42.81381263,0.025070524,2.470072359,0.025322473,370.2833,375.0823,365.7754,1.129492399,0.028979855,-22.96997478,0.033253275,22.997728,-4.4880915,1.2380781
Kepler-104,G0V,2016A&A...594A..39F,Gaia DR3 2102454253097554304,287.6046629,0.008588992,42.16650304,0.009447732,2.473123129,0.009673009,401.6881,404.1995,399.8587,4.316820636,0.009752302,-52.76709471,0.010842918,52.94338,4.8344817,1.5485387
Kepler-1063,,,,,,,,,,,,,,,,,,,
Kepler-108,,,Gaia DR3 2080062630080517376,294.5593507,0.01566892,46.06225062,0.019397229,0.991599384,0.017010259,--,--,--,-1.402545575,0.021357952,-0.398982038,0.023339903,1.4581909,-14.172141,3.585873
Kepler-1086,,,Gaia DR3 2080018374737161984,295.2511877,0.022842593,45.84295317,0.022746086,2.128905095,0.024789654,468.0738,476.409,461.5139,3.603902262,0.029513298,-3.453226875,0.027574962,4.991281,--,--
Kepler-1130,K0V,2016A&A...594A..39F,Gaia DR3 2106406069684947840,285.2074202,0.01004755,45.3843329,0.010537814,3.948765977,0.011561802,252.8911,254.4399,252.0304,-4.599439098,0.013432056,-0.41866858,0.013424148,4.6184545,7.289843,0.6614488
Kepler-1150,,,Gaia DR3 2086853351332014976,296.7244541,0.012959892,49.53268462,0.014648495,2.777530882,0.01536752,348.886,352.9184,335.3364,-5.557735865,0.017469201,-0.129161543,0.01857436,5.5592365,-11.911647,3.6985326
Kepler-130,G1V,2016A&A...594A..39F,Gaia DR3 2101305259145506816,288.4505882,0.007336473,40.24519656,0.008241982,3.155033576,0.008839006,312.0475,312.8364,311.1491,-13.02010039,0.009843075,-28.40205077,0.010000367,31.244192,20.258465,0.82896215
Kepler-1319,M2V,2014ApJS..213....5M,Gaia DR3 2129942765344872320,290.9564576,0.014375545,49.36681057,0.016187713,9.600702415,0.014490286,104.1562,104.3765,103.9405,53.15538411,0.020037467,124.2331707,0.021686295,135.12726,-59.750824,2.3377113
Kepler-132,,,Gaia DR3 2104466256290759936,283.2355591,0.041908585,41.3430514,0.044570502,2.628090463,0.048119653,--,--,--,-21.10023057,0.054977313,-0.780594498,0.061084773,21.114664,-28.043217,1.0561604
Kepler-1341,,,Gaia DR3 2117344732912435968,280.51168,0.016430875,44.15934994,0.016929349,2.078811781,0.018015953,466.5804,471.7199,456.4029,-6.876012319,0.024310624,-2.73636488,0.021590307,7.400489,-4.221826,6.069637
Kepler-136,F5V,2016A&A...594A..39F,Gaia DR3 2077203178296653056,296.4673035,0.009453454,42.59879873,0.010058089,2.308283511,0.011118039,423.4721,425.7947,417.3395,-1.982919909,0.012314742,2.685785755,0.013677271,3.3384752,-39.316936,0.6701072
Kepler-14,,,,,,,,,,,,,,,,,,,
Kepler-1480,,,Gaia DR3 2129758940745727488,291.9998063,0.013637866,49.30183212,0.013972572,1.994428053,0.015100202,484.965,488.2533,481.987,3.499272145,0.019189542,-0.019912442,0.017972816,3.4993289,2.714928,7.9213333
Kepler-1540,,,Gaia DR3 2104452752917443584,283.3445568,0.010448478,41.2017538,0.011994758,4.087412139,0.012188202,241.0268,241.6349,240.3171,7.11980693,0.013748906,-4.01020848,0.014903203,8.1715,-29.775137,2.9825547
Kepler-16,K7V,2016A&A...594A..39F,Gaia DR3 2133476355197071616,289.0758338,0.028038839,51.75722214,0.025980141,13.28058828,0.028396517,75.4007,75.9722,73.0067,14.09244988,0.03655428,-48.93943561,0.03275287,50.928043,-32.609608,2.2249663
Kepler-1647,,,Gaia DR3 2073793420945053824,298.1500561,0.009507989,40.65617407,0.010565878,0.823525771,0.011612889,--,--,--,-4.927704419,0.012823094,-7.255467806,0.014615413,8.7706375,6.768849,6.198465
Kepler-1651,M2V,2014ApJS..213....5M,Gaia DR3 2131725447350716032,283.628258,0.008669476,48.39080136,0.008896092,15.08515996,0.009295918,66.49,66.5383,66.443,-10.89581103,0.010823945,-48.67251831,0.011088686,49.87718,5.8689437,1.5891885
Kepler-1661,,,Gaia DR3 2104078025612319360,285.1670913,0.011631637,41.96693462,0.012446449,2.444330628,0.013407088,388.3891,391.0242,385.3414,-7.984141639,0.015733222,-26.49645326,0.015884068,27.673246,8.89979,4.235805
Kepler-167,,,Gaia DR3 2051933102555095936,292.658528,0.01038183,38.3455608,0.012430731,2.915672155,0.013076383,333.8847,335.8389,328.5848,15.09673305,0.013984593,36.35248107,0.015008528,39.3626,-26.789423,2.2085407
Kepler-197,F5,2016A&A...594A..39F,Gaia DR3 2135179533070399232,295.2264758,0.009434513,50.55924206,0.009910756,2.923413289,0.010290783,334.9069,336.1873,333.5706,8.525548746,0.013129326,52.99713158,0.013650489,53.678497,3.6334112,0.6014025
Kepler-20,G5V,2016A&A...594A..39F,Gaia DR3 2102548708017562112,287.6979907,0.007947536,42.33857436,0.009431212,3.493609336,0.009452877,283.9439,284.8321,283.1545,-3.868711807,0.010679554,-27.10491478,0.01139181,27.379616,-21.978867,0.9170143
Kepler-21,F6IV,2013MNRAS.434.1422M,Gaia DR3 2099606483621385216,287.3619723,0.014172006,38.7141423,0.015472522,9.21811431,0.01726815,108.5631,109.0251,108.1083,28.0928438,0.018182125,28.54645288,0.019616915,40.051315,-19.186785,0.14154322
Kepler-25,,,Gaia DR3 2100451630105041152,286.6383905,0.010061636,39.48790458,0.010242429,4.145587013,0.011259291,240.3203,240.9633,239.7113,-0.303232656,0.013779734,6.109194306,0.013173732,6.1167154,-8.1976595,0.30858505
Kepler-296,M2V,2012ApJ...750L..37M,Gaia DR3 2132069633148965888,286.5400286,0.5093756,49.43725968,0.55798554,4.553783146,0.5562098,--,--,--,2.635175611,0.6817407,-16.37503285,0.8385252,16.585712,--,--
Kepler-333,,,Gaia DR3 2053581167404822272,292.2861214,0.01452709,40.91354123,0.014829898,3.058502791,0.016107412,317.587,319.5814,316.0066,7.304913695,0.018958274,-11.96556717,0.018274952,14.01915,-8.254435,3.7752616
Kepler-34,,,Gaia DR3 2079692678777827712,296.4358015,0.015897043,44.64153624,0.0167954,0.552911336,0.018429872,1523.5872,1571.185,1468.894,-3.42434626,0.019385545,-5.032907208,0.020280318,6.087389,--,--
Kepler-35,,,Gaia DR3 2128155371757730816,294.4969545,0.022448258,46.68967217,0.026156968,0.524774087,0.02604244,1423.8081,1450.5251,1399.2996,-2.280002989,0.02954727,-8.304980306,0.033085577,8.612266,--,--
Kepler-353,M1V,2014ApJS..213....5M,Gaia DR3 2076953069455745920,296.8565582,0.024332426,41.75807174,0.025884377,2.576091278,0.028617762,411.2573,415.5945,407.1503,-7.523101151,0.034724772,-22.62444662,0.033880614,23.842455,--,--
Kepler-38,,,Gaia DR3 2105448841733970432,286.8303112,0.010751352,42.27914159,0.010405492,0.854567682,0.011922775,1234.9924,1300.1199,1189.0891,-4.575425301,0.014143358,-13.21884576,0.013738314,13.988296,14.376464,3.24477
Kepler-390,G5,2016A&A...594A..39F,Gaia DR3 2101638759069485568,291.6288098,0.011375567,41.20884226,0.01186716,2.311365682,0.013407764,413.1731,415.2659,411.371,6.585857533,0.015325919,51.84740861,0.01462961,52.264015,-51.81056,2.8128016
Kepler-410,F6IV,2013MNRAS.434.1422M,Gaia DR3 2106904148451706752,283.151057,0.009506264,45.14009233,0.010904664,6.793299198,0.010895859,146.8527,147.1156,146.5977,61.6829682,0.012593948,61.67297696,0.01363377,87.22582,--,--
Kepler-411,K3V,2016A&A...594A..39F,Gaia DR3 2132768956905956352,287.6057057,0.007351105,49.52339815,0.007849708,6.531261116,0.00796181,152.7086,153.0128,151.3837,13.61072962,0.009489833,32.54333915,0.009678574,35.274933,-20.404621,0.76887596
Kepler-413,,,Gaia DR3 2133352385261516928,288.5106677,0.021576675,51.16242084,0.024580397,1.194844599,0.024050998,825.6749,841.2168,811.5149,-1.020204849,0.029386083,-19.00383609,0.034251988,19.0312,--,--
Kepler-432,,,Gaia DR3 2128901871432519936,293.2822354,0.008465137,48.28591862,0.009299273,1.171161424,0.009741443,--,--,--,4.66696144,0.012303009,9.963463009,0.011490563,11.002323,-35.682453,0.6018416
Kepler-444,K0V,1962ApJ...136..793W,Gaia DR3 2101486923385239808,289.7528499,0.011013778,41.63179615,0.01215113,27.35780678,0.012462973,--,--,--,94.63943807,0.013257603,-632.2685925,0.014062062,639.31226,-120.78367,0.25531188
Kepler-453,G5,2016A&A...594A..39F,Gaia DR3 2107434834610481920,283.2413337,0.010105391,46.37846855,0.009829387,2.251628436,0.010601091,445.4801,508.7544,434.6268,7.308712383,0.012536855,-4.159487947,0.01197343,8.409436,-2.9769905,3.1084614
Kepler-454,,,Gaia DR3 2099541715513813504,287.4786513,0.009350888,38.22908179,0.010452882,4.280171432,0.011241702,230.3047,230.9629,229.6756,21.91752054,0.012206621,48.25278931,0.013589491,52.997257,-71.5068,0.35646915
Kepler-47,,,Gaia DR3 2080506523540902912,295.2978877,0.019544827,46.92042887,0.019703101,0.954033546,0.020761576,961.4878,983.3659,941.4589,-3.383001116,0.026739173,-10.2120519,0.024054287,10.75782,--,--
Kepler-477,,,,,,,,,,,,,,,,,,,
Kepler-504,M2V,2014ApJS..213....5M,Gaia DR3 2107186134525176960,284.9219646,0.014660934,45.97232489,0.015167444,10.0631662,0.016336018,99.0967,99.2615,98.9372,19.20752071,0.019232418,-11.66151856,0.018224156,22.470423,-31.625732,3.029079
Kepler-514,F8V,2016A&A...594A..39F,Gaia DR3 2133611659549905024,286.2471737,0.016205542,50.24236821,0.016509844,2.160753579,0.017156057,459.5389,465.7725,455.3883,-1.395720424,0.022905834,-8.260242291,0.021588422,8.377329,-12.082096,0.857221
Kepler-515,,,,,,,,,,,,,,,,,,,
Kepler-517,G6V,2016A&A...594A..39F,Gaia DR3 2077409645964537472,293.6755197,0.006937662,41.29520167,0.009175933,3.419724839,0.00901145,286.9458,287.9002,285.8548,31.77323452,0.009791506,-31.61138807,0.01221829,44.819843,-74.122086,0.9632708
Kepler-519,,,Gaia DR3 2075161655782111872,299.319674,0.007405153,41.38474721,0.008545708,4.057920233,0.009213146,245.1016,245.6566,244.5375,17.35743525,0.009935533,18.73230795,0.010085202,25.537813,-22.382618,1.2362435
Kepler-530,G5,2016A&A...594A..39F,Gaia DR3 2131736137528127744,283.3402956,0.008984494,48.5490629,0.010184102,2.149744494,0.009962956,456.0448,483.3966,452.243,4.09269529,0.011061014,6.577400075,0.01327927,7.7467637,7.569341,2.3438802
Kepler-538,G5V,2016A&A...594A..39F,Gaia DR3 2087171453788422528,297.4865397,0.011297687,49.62339633,0.011977624,6.426020201,0.012372064,154.5773,155.6693,154.1985,-49.2765398,0.015479261,-8.240212221,0.013685,49.96077,-37.99583,0.3971873
Kepler-560,M3V,2012ApJ...750L..37M,Gaia DR3 2082162147537254400,300.2066607,0.015577665,45.01824287,0.016173258,9.138659772,0.017317733,109.1145,109.3295,108.8824,84.70831575,0.0202019,18.85449953,0.019306445,86.78128,-94.30428,3.7398846
Kepler-636,,,,,,,,,,,,,,,,,,,
Kepler-68,G1V,2018MNRAS.481.3244G,Gaia DR3 2129550445852902656,291.0323087,0.008643371,49.04021141,0.010564785,6.929799952,0.009993962,143.9776,145.1819,143.6994,-7.3045724,0.01152592,-10.45449403,0.012956848,12.753557,-20.49946,0.22569397
Kepler-693,,,Gaia DR3 2103572731299093376,283.2535262,0.030646216,40.35821514,0.03395059,0.860426367,0.036811695,983.3378,996.1957,969.6062,-4.620209125,0.04299496,-2.848719957,0.04688164,5.4278483,--,--
Kepler-743,K0V,2016A&A...594A..39F,Gaia DR3 2077994272606400512,295.5742316,0.007986345,42.80642512,0.007706275,3.560965469,0.008993224,278.8027,279.7495,276.4165,8.686554524,0.010615223,-2.488787764,0.009830397,9.036056,-4.663391,1.3602579
Kepler-755,K2V,2016A&A...594A..39F,Gaia DR3 2076782889978499840,296.860932,0.010021177,41.09731523,0.012149446,2.46549552,0.012447392,387.7274,392.1126,356.0549,-15.44928792,0.013515897,-18.68387796,0.016409762,24.243923,-43.751476,3.9740705
Kepler-779,M2V,2012ApJ...750L..37M,Gaia DR3 2105915343901864832,285.6285199,0.02117735,44.31078207,0.022900391,3.513116672,0.023161191,289.4855,300.1415,282.3836,-4.622821061,0.0273321,-24.46691279,0.029229797,24.899805,--,--
Kepler-78,K2,2016A&A...594A..39F,Gaia DR3 2078373642776670080,293.7419617,0.008416018,44.44824979,0.011083125,8.00845831,0.01035037,124.0222,124.2108,123.8363,38.19545222,0.010962581,-16.30943774,0.0134314,41.5318,--,--
Kepler-795,,,Gaia DR3 2052653729346427136,291.0189945,0.008268038,38.54557425,0.010044249,2.02275323,0.010845871,474.9763,480.6952,470.8259,-3.050092454,0.010751966,10.23260673,0.01205292,10.677514,-35.495464,2.5236719
Kepler-83,M0V,2012ApJ...750L..37M,Gaia DR3 2105261134483173632,282.23252,0.022580039,43.66556429,0.024838066,2.515960257,0.025534818,--,--,--,1.897100098,0.029414117,-13.63366301,0.032379393,13.765019,--,--
Kepler-908,F9.5V,2016A&A...594A..39F,Gaia DR3 2076194101502797952,295.3225449,0.012232957,39.3764612,0.012962142,3.358272785,0.014357,294.2322,295.9301,292.2079,8.161154244,0.016412275,-8.024904979,0.0173223,11.445678,-24.731222,0.54969805
Kepler-951,,,Gaia DR3 2099524776162690944,287.73758,0.013792533,38.11465102,0.014070547,2.567985077,0.016268492,376.6165,379.8039,365.6764,2.9478144,0.01710991,15.6993087,0.017576613,15.973662,-39.6869,4.799884
Kepler-970,K5V,2016A&A...594A..39F,Gaia DR3 2101379205604338688,289.6252187,0.014696428,40.70873538,0.01751017,3.015305016,0.01862958,--,--,--,-2.738502491,0.019622456,1.652388239,0.02401164,3.1984031,-19.802673,8.550066
Kepler-99,,,Gaia DR3 2076871091425583232,297.3539996,0.01221454,41.30004474,0.012889631,4.801422449,0.014390312,206.8017,207.7062,205.0458,1.504092916,0.015291407,-3.331551078,0.015745385,3.6553423,-25.35692,1.0799705
LHS 1678,M2.0,2007AJ....133.2825R,Gaia DR3 4864160624337973248,68.17902996,0.012088367,-39.79100878,0.014859892,50.33991045,0.015072701,--,--,--,239.3676668,0.015924256,-967.5973375,0.021609362,996.7655,10.944953,0.27765357
LTT 1445,M3.5+M3.0,2004AJ....128..463R,,,,,,,,,,,,,,,,,
LTT 3780,M4.0,2005A&A...442..211S,Gaia DR3 3767281845873242112,154.6448549,0.024577282,-11.71783537,0.0249448,45.39719521,0.030080639,--,--,--,-341.5372661,0.032077752,-247.7472525,0.031967204,421.93176,0.27133998,0.3398253
MASCARA-4,A3V,1975MSS...C01....0H,Gaia DR3 5245968236116294016,147.5800687,0.01569624,-66.11392739,0.015702013,5.94365328,0.01701874,170.4334,171.0378,169.8361,5.910215036,0.018929671,-15.04423492,0.018963706,16.163528,-5.708165,0.24430887
MXB 1658-298,,,,,,,,,,,,,,,,,,,
NGTS-14,K1V,2021A&A...646A.183S,Gaia DR3 6585082036193769088,328.516205,0.08239494,-38.37737531,0.06865076,3.095393659,0.11634685,--,--,--,-23.00843642,0.099554196,6.398229624,0.08466804,23.881489,--,--
NGTS-3,G6V+K1V,2018MNRAS.478.4720G,Gaia DR3 2885350546895266432,94.44475797,0.013305701,-35.7063628,0.013820834,1.3419561,0.015135569,671.4542,678.1017,664.7236,-8.781624618,0.017052287,8.868590781,0.016863972,12.480739,11.755969,5.342752
NN Ser,DAO1+M4,2010MNRAS.402.2591P,Gaia DR3 1191504471436192512,238.2336972,0.04971694,12.91207888,0.055686798,1.94381727,0.06621879,--,--,--,-30.170081,0.055037346,-59.0840509,0.057259027,66.34123,--,--
NSVS 14256825,sdOB+dM,2012MNRAS.423..478A,Gaia DR3 4245906369913936000,305.0019471,0.026100717,4.632371626,0.016422765,1.328667028,0.03556041,--,--,--,8.025926353,0.03704447,1.257403283,0.02860897,8.123826,--,--
NY Vir,sdB1VIIHe1,2013A&A...551A..31D,Gaia DR3 3637481302758519040,204.7005839,0.03461738,-2.030388933,0.021765416,1.68005209,0.0376323,--,--,--,-6.145372844,0.054036275,-12.05441802,0.025296845,13.530506,--,--
OGLE-2007-BLG-349L,,,,,,,,,,,,,,,,,,,
OGLE-2008-BLG-092L,,,,,,,,,,,,,,,,,,,
OGLE-2013-BLG-0341L,,,,,,,,,,,,,,,,,,,
OGLE-2016-BLG-0613L,,,,,,,,,,,,,,,,,,,
OGLE-2018-BLG-1700L,,,,,,,,,,,,,,,,,,,
OGLE-2019-BLG-0304L,,,,,,,,,,,,,,,,,,,
PH1,,,,,,,,,,,,,,,,,,,
PSR B1620-26,,,,,,,,,,,,,,,,,,,
Pr0211,,,,,,,,,,,,,,,,,,,
Proxima Cen,M5.5Ve,1991AJ....101..662B,Gaia DR3 5853498713190525696,217.3923215,0.023999203,-62.67607512,0.03443618,768.0665392,0.049872905,1.3011,1.3013,1.3006,-3781.741008,0.031386077,769.4650146,0.050524533,3859.228,-21.942726,0.21612652
Qatar-6,,,,,,,,,,,,,,,,,,,
ROXs 12,M0.0e,2015MNRAS.448.2737R,Gaia DR3 6048935358761628288,246.6167982,0.015548205,-25.44669848,0.008176772,7.217040161,0.017220037,136.1674,137.1452,135.6415,-6.857771605,0.019738626,-24.8148346,0.01287277,25.745,-8.000769,5.3621006
ROXs 42,,,Gaia DR3 6047587769820678656,247.815575,0.27805433,-24.56736414,0.180737,5.904127889,0.3012197,--,--,--,-5.564536042,0.4204099,-21.86330265,0.2907996,22.56032,--,--
RR Cae,DA7.8,2011ApJ...743..138G,Gaia DR3 4788741548375134336,65.27338195,0.017390685,-48.65433425,0.019609934,47.20000836,0.019982621,--,--,--,30.03001127,0.023139162,-533.8860769,0.027772788,534.73,--,--
Ross 458,M0V,1986AJ.....92..139S,Gaia DR3 3737308025029348608,195.1911254,0.10148341,12.37559493,0.06847816,86.90096932,0.11696227,--,--,--,-628.7153077,0.18417579,-33.47184831,0.13255909,629.60565,-12.325825,0.32329184
SR 12,,,,,,,,,,,,,,,,,,,
TIC 172900988,,,Gaia DR3 709709093301608448,128.6616633,0.012919444,31.55397618,0.009992142,4.060785193,0.01494442,243.9051,246.6213,241.7466,-6.532926074,0.014489267,-22.88681184,0.011491984,23.800951,--,--
TOI-1201,M2.0,2021A&A...656A.124K,Gaia DR3 5157183324996790272,42.2477235,0.014603987,-14.53727701,0.018667703,26.5706487,0.022377174,--,--,--,164.0693828,0.025482086,46.54921633,0.027329212,170.54498,32.37245,0.33681476
TOI-1259,,,,,,,,,,,,,,,,,,,
TOI-1333,,,Gaia DR3 1978027916667478656,325.0145342,0.010629979,48.40676589,0.01060008,5.100418756,0.013035728,195.1769,195.7034,194.6856,-9.734214066,0.013037395,-10.66636686,0.013051439,14.44044,-15.369247,0.20409018
TOI-1338,,,Gaia DR3 5494443978353833088,92.13309229,0.009631864,-59.54098042,0.009938445,2.475220737,0.009870817,398.6512,400.1675,397.1239,-12.05726089,0.013822188,34.51294092,0.013479166,36.558456,23.561165,5.3371463
TOI-1634,,,Gaia DR3 223158499179138432,56.39062375,0.014294015,37.11228223,0.010567369,28.51228321,0.0183894,35.2218,35.3149,35.1916,81.34823829,0.020346021,13.54838814,0.015096281,82.46875,-17.592255,0.32411665
TOI-3714,,,,,,,,,,,,,,,,,,,
TOI-421,G9V,2020AJ....160..114C,Gaia DR3 2984582227215748864,81.85327727,0.00793026,-14.27673333,0.00803499,13.33371145,0.011669718,74.7663,74.8459,74.6811,-35.74267224,0.010905042,50.38733489,0.010785732,61.7772,79.40613,0.16491108
TOI-451,,,Gaia DR3 4844691297067063424,62.96638305,0.008086537,-37.93972822,0.009804345,8.099278404,0.010753243,123.3592,123.5403,123.1822,-11.06077329,0.00973164,12.34655128,0.013950076,16.57643,19.784569,0.3739142
TOI-942,K2.2V,2021A&A...645A..71C,Gaia DR3 2974906868489280768,76.64961954,0.009730104,-20.2456131,0.010173937,6.602858608,0.015041716,149.5262,150.1889,148.4729,15.43534939,0.010944147,-3.956337331,0.012387272,15.934322,23.413946,0.63528156
TrES-1,,,,,,,,,,,,,,,,,,,
TrES-2,,,,,,,,,,,,,,,,,,,
TrES-4,,,,,,,,,,,,,,,,,,,
UZ For,M4.5,,Gaia DR3 5084805635638179584,53.86947096,0.025129944,-25.73938583,0.040630735,4.178527967,0.057460453,--,--,--,17.86681226,0.029577043,-1.26469839,0.047688946,17.911516,--,--
VHS J125601.92-125723.9,M7.0,2015ApJ...804...96G,Gaia DR3 3526198184723289472,194.0076479,0.4249745,-12.95693559,0.3346647,47.27331949,0.47309375,--,--,--,-272.4615398,0.5744399,-190.2387371,0.5007774,332.30417,--,--
WASP-1,F7V,2011A&A...529A.136E,Gaia DR3 2862548428079638912,5.166952816,0.016481962,31.98997269,0.012185558,2.610845276,0.021756463,363.9395,368.9784,348.1748,-4.692148155,0.02239132,-3.32014137,0.020139277,5.748008,-13.901666,0.588725
WASP-100,F2,2014MNRAS.440.1982H,Gaia DR3 4675352109659600000,68.95981944,0.012033742,-64.02703905,0.013671186,2.807859483,0.012893304,346.1421,351.8853,337.8027,10.89646161,0.015064312,-0.41979738,0.0186934,10.904545,--,--
WASP-104,G8,2014A&A...570A..64S,Gaia DR3 3868603216762016256,160.6023644,0.016909832,7.435076732,0.018259875,5.364122899,0.018559784,184.7389,185.5724,183.646,-32.37650675,0.021095637,-0.932426694,0.023740755,32.38993,29.19487,0.7983305
WASP-11,K3V,2011A&A...529A.136E,Gaia DR3 123376685084303360,47.36894789,0.054153815,30.67337557,0.042707372,7.69967884,0.057928033,125.7239,129.5703,116.31,3.333767197,0.0683668,-44.43342847,0.05339591,44.558315,5.2108884,0.28396755
WASP-114,,,Gaia DR3 2726339892542980864,327.6656945,0.012462095,10.46293728,0.009969761,1.962037197,0.014856018,501.7495,505.7686,497.8554,-5.809984199,0.014396945,-8.685228931,0.012520413,10.44936,-2.2890794,0.84120744
WASP-12,G0V,2013MNRAS.428..182B,Gaia DR3 3435282862461427072,97.63664477,0.015257985,29.67226537,0.013152447,2.42129338,0.016602512,425.2205,473.8125,409.0724,-1.518639699,0.01918892,-6.760588776,0.015015844,6.9290566,20.620773,1.4446695
WASP-123,G5,2016PASP..128f4401T,Gaia DR3 6756148659453907200,289.4792097,0.017802857,-32.8601289,0.017225917,5.008790629,0.020317754,198.1825,199.0931,197.2992,-16.682968,0.021365171,-31.9698266,0.019218743,36.060936,17.75338,0.8122689
WASP-127,G5,2017A&A...599A...3L,Gaia DR3 3778075717162985600,160.5587673,0.015283565,-3.834996451,0.013819492,6.224068869,0.017496513,159.0436,159.8277,156.4265,19.13268695,0.019605422,17.05750707,0.017620321,25.632368,-8.967747,0.15694292
WASP-129,G1,2016A&A...591A..55M,Gaia DR3 5380888758195682944,176.299054,0.011039993,-42.06395767,0.009336965,3.173541535,0.015945626,310.469,311.9213,308.9374,11.63042776,0.011924597,-1.459454593,0.011509555,11.721641,22.812706,0.4147842
WASP-139,,,Gaia DR3 4851398799032507776,49.56217015,0.007579113,-41.30202008,0.008608482,4.698437591,0.00984125,211.2515,211.9677,210.2654,-15.99594627,0.009324146,24.35296795,0.011385059,29.13653,-13.361155,0.49286583
WASP-14,F5V,2011A&A...529A.136E,Gaia DR3 1242084170974175232,218.2766292,0.010499153,21.89468655,0.013055308,6.22046124,0.017173957,160.6873,161.1161,160.2227,29.42762891,0.01470701,-6.864295708,0.01817892,30.21761,-5.2097735,0.2724547
WASP-140,,,Gaia DR3 5094154336332482304,60.385536,0.012382258,-20.45099623,0.013096502,8.563197241,0.018886453,115.6118,116.1572,114.4646,-18.54800502,0.016309688,20.32165159,0.017667374,27.513597,1.9719152,0.38553903
WASP-145,K2V,2019MNRAS.482.1379H,Gaia DR3 6458529931463278976,322.2535393,0.018389719,-58.83471639,0.016817626,10.92750435,0.028823879,91.8234,92.3204,91.3464,106.2533353,0.020218845,8.31239229,0.026500376,106.57799,3.8109238,0.88873214
WASP-160,K0V,2019MNRAS.482..301L,Gaia DR3 2910755484609597312,87.67956527,0.008185147,-27.62332661,0.009989389,3.447585473,0.01202254,289.0366,290.4014,287.8269,27.02892018,0.010291376,-34.80191291,0.013511152,44.06513,-6.2565703,0.9447916
WASP-168,F9V,2019MNRAS.482.1379H,Gaia DR3 5555500000779464448,96.74464282,0.009114895,-46.82136062,0.008788872,3.337120552,0.009446365,296.3867,297.2959,295.5402,0.143665358,0.01306212,20.55549264,0.010967889,20.555994,49.269737,0.61829054
WASP-173,,,,,,,,,,,,,,,,,,,
WASP-18,F6IV/V,1978MSS...C02....0H,Gaia DR3 4955371367334610048,24.35446693,0.008036719,-45.67779085,0.009089046,8.144292282,0.011555529,122.4908,122.6473,122.3042,25.40444927,0.009563869,20.47932581,0.011337891,32.631104,3.4686716,0.34195697
WASP-180,,,,,,,,,,,,,,,,,,,
WASP-2,K1.5,2013MNRAS.428..182B,Gaia DR3 1748596020745038208,307.7255595,0.024519896,6.429323729,0.016491598,6.577667738,0.026991561,146.3791,147.5113,142.3766,5.631050245,0.033308603,-48.4914933,0.026608523,48.81735,-27.702095,0.4623903
WASP-20,,,Gaia DR3 2359978293137038720,5.160569252,0.77531636,-23.93578851,0.4526226,3.469879952,0.7095347,--,--,--,1.351546424,0.73834074,-14.73919723,0.5535269,14.801034,1.2559601,0.85034984
WASP-24,F8-9,2011A&A...529A.136E,Gaia DR3 1153682508388170112,227.2154952,0.017102245,2.343284795,0.017424298,3.033025074,0.020760538,325.2487,329.2887,322.979,-16.74113958,0.020410398,-8.556390477,0.022494186,18.800999,-17.456457,0.57570344
WASP-26,G0,2011A&A...529A.136E,Gaia DR3 2416782701664155008,4.603046332,0.019211259,-15.26740782,0.015815731,3.957408236,0.024708994,247.9026,249.6976,245.86,27.41598687,0.021760399,-24.52398582,0.021044359,36.783993,9.065874,0.40885735
WASP-3,F7V,2007MNRAS.378.1576P,Gaia DR3 2095108312831835648,278.6317402,0.009296005,35.66142806,0.011369334,4.333845085,0.011981826,229.8011,230.4609,229.2229,-5.790525245,0.012401425,-21.92946596,0.014579406,22.681086,-4.9901576,0.3185258
WASP-33,kA5hA8mF4,1999A&AS..137..451G,Gaia DR3 328636019723252096,36.71273728,0.028007256,37.55044282,0.025532143,8.22383978,0.032659534,121.851,123.3485,121.182,-0.977364083,0.034777407,-8.894781294,0.033895217,8.948317,-2.7032616,0.33139333
WASP-36,G2,2012AJ....143...81S,Gaia DR3 5750936092375254016,131.5803891,0.009496675,-8.026986602,0.006358348,2.649347434,0.012940225,363.4092,365.6382,361.2062,-4.039925217,0.01331738,-8.501520315,0.010948687,9.41259,-12.446138,0.969012
WASP-45,,,Gaia DR3 2308834780352875904,5.237765772,0.014142692,-35.99847158,0.01190612,4.651975578,0.022600828,216.0437,219.0556,214.8613,52.83114059,0.014885541,-46.93997397,0.021056168,70.67171,4.713166,0.32594347
WASP-49,,,Gaia DR3 2991284369063612928,91.08972727,0.009641039,-16.96539267,0.012419269,5.131515402,0.015781043,193.4291,194.0235,192.8158,54.67121266,0.012729785,-19.05500164,0.01431527,57.89676,41.805832,0.3819376
WASP-54,F8,,Gaia DR3 3661983850663908608,205.4542441,0.017955275,-0.128174627,0.012570318,3.985923143,0.019994255,247.0598,249.115,243.6316,-10.81033436,0.021431535,-24.74430499,0.01633825,27.002666,-2.7097933,0.21974954
WASP-55,G1,,Gaia DR3 3603529272750802560,203.7581969,0.016043691,-17.50349655,0.012729061,3.419421566,0.020420363,287.7856,289.4596,286.0631,12.03722496,0.023178553,-3.747368885,0.01465018,12.607044,-3.3125107,0.8668771
WASP-56,G6,2013A&A...551A..73F,Gaia DR3 4001613814138156416,183.3660346,0.013581474,23.05568747,0.010768663,3.047146686,0.016178714,323.5938,325.3495,321.8863,-36.69491992,0.015784563,2.954370639,0.013835035,36.81366,5.971451,0.7987087
WASP-58,G2V,2013A&A...549A.134H,Gaia DR3 2115245554756763392,274.7012599,0.009783411,45.17222589,0.010841627,3.396309378,0.011228994,287.7541,288.9692,286.1509,32.65803772,0.013069397,47.05708967,0.015850993,57.27929,-28.415554,0.70623845
WASP-64,,,Gaia DR3 5583523425437258240,101.1149192,0.007779216,-32.8583879,0.009224975,2.772145518,0.010240092,356.2763,357.515,354.9656,-19.26509432,0.010575743,-1.072136072,0.012288503,19.294905,34.4045,1.2326814
WASP-68,G2/3(IV),1988MSS...C04....0H,Gaia DR3 6860535606196306304,305.0957223,0.012843387,-19.314728,0.00906395,4.347325882,0.01437024,--,--,--,-11.02445908,0.015861727,-6.321631296,0.011172551,12.708333,28.45201,0.2350121
WASP-70,G4+K3,2014MNRAS.445.1114A,,,,,,,,,,,,,,,,,
WASP-75,,,Gaia DR3 2605161444735454464,342.385906,0.015947264,-10.67546649,0.015865304,3.338719965,0.020248938,292.8913,294.59,291.0095,45.89236032,0.021634774,15.42816541,0.020515293,48.41629,3.0176556,0.41906917
WASP-76,F7,2016A&A...585A.126W,Gaia DR3 2512326349403275520,26.63294256,0.068566404,2.700383494,0.058521826,5.289922465,0.08260456,185.3462,190.9829,181.1616,45.53083787,0.08768097,-40.59290888,0.079925984,60.9987,-0.7857302,0.24754383
WASP-77,,,,,,,,,,,,,,,,,,,
WASP-8,G6,,Gaia DR3 2312679845530628096,359.9008923,0.012183767,-35.03133383,0.012703507,11.10520263,0.017534066,89.9491,90.7484,89.732,109.7521718,0.012661799,7.615443567,0.013553472,110.01606,-1.3833259,0.2571255
WASP-85,G0,,,,,,,,,,,,,,,,,,
WASP-87,,,Gaia DR3 6077185317188247936,185.3246818,0.009337536,-52.84081572,0.011001814,3.323134995,0.0194443,297.3744,298.9696,295.764,-1.376861363,0.013076988,3.975701785,0.014145069,4.207369,-14.777634,0.31673542
WASP-94,F8,2014A&A...572A..49N,Gaia DR3 6780546169634170496,313.7832438,0.018313386,-34.13575751,0.012859827,4.749812595,0.024207314,206.1713,207.3799,204.8247,26.50022815,0.020957971,-44.97082251,0.018196598,52.198055,-8.361371,0.19016075
WASP-98,G7,2014MNRAS.440.1982H,Gaia DR3 4859136199796131200,58.42901702,0.007895239,-34.32827333,0.010008889,3.571727587,0.011918267,275.3148,285.6876,273.076,33.66120068,0.010755438,-12.39500242,0.013356413,35.870777,-36.75165,1.4756408
WD 1856+534,DC,1994BAAS...26..901D,Gaia DR3 2146576589564898688,284.4157312,0.05522275,53.5090171,0.051071003,40.39310935,0.050550234,--,--,--,240.7492369,0.071992084,-52.47014066,0.06262324,246.40071,--,--
XO-2,G9V,2010JDSO....6...30B,Gaia DR3 934346809278715776,117.0267626,0.011859772,50.22512582,0.010620024,6.658820486,0.015762223,149.131,149.5307,148.7545,-29.55226834,0.014722639,-154.2272381,0.011452951,157.03305,47.45101,0.43835604
alf Tau,K5+III,1989ApJS...71..245K,,,,,,,,,,,,,,,,,
b Cen,B3V,,Gaia DR3 6105713692544123520,220.4897928,0.24998334,-37.79363634,0.35713705,10.03393563,0.3142749,--,--,--,-29.82755785,0.36863744,-31.91358214,0.51816857,43.68249,--,--
bet Cnc,K4IIIBa0.5:,1989ApJS...71..245K,Gaia DR3 3098404220680931968,124.1286318,0.23067737,9.185323936,0.13935798,10.1025929,0.3141416,--,--,--,-45.67916059,0.30769357,-49.50480605,0.19159457,67.359566,--,--
eps Ind,K5V,2006A&A...460..695T,Gaia DR3 6412595290592307840,330.8724079,0.0686946,-56.79725466,0.065466,274.8431415,0.09561499,3.6481,3.6698,3.6389,3966.660539,0.08557088,-2536.191987,0.09221277,4708.149,-40.4267,0.12858154
gam 1 Leo,,,,,,,,,,,,,,,,,,,
gam Cep,K1III-IVCN1,1989ApJS...71..245K,Gaia DR3 2281778105594488192,354.8357808,0.124728195,77.63312481,0.12490085,72.5166921,0.14698927,--,--,--,-64.86017762,0.14331752,171.1586025,0.14084655,183.03581,--,--
ome Ser,K0IV,1999MSS...C05....0H,Gaia DR3 4423234230853333632,237.5732464,0.05837475,2.196297366,0.05077994,13.10255222,0.0695269,74.572,74.9421,74.2467,30.26354504,0.070954904,-47.59289913,0.058252864,56.400055,-3.849087,0.12262874
omi UMa,G5III:,1989ApJS...71..245K,Gaia DR3 1041808368494264576,127.5649113,0.08630966,60.71768972,0.08861628,17.9334531,0.14564699,59.3034,59.4377,59.1709,-133.6435613,0.09097721,-107.6644507,0.112253256,171.61653,--,--
psi 1 Dra,,,,,,,,,,,,,,,,,,,
tau Boo,F7IV-V,2001AJ....121.2148G,Gaia DR3 1244571953471006720,206.813391,0.068929896,17.45717364,0.06427766,64.04697623,0.10931693,15.6162,15.6554,15.5681,-468.9225601,0.09482802,63.46858141,0.07354936,473.1983,-16.750475,0.1532612
ups And,F9V,2009ApJS..180..117A,Gaia DR3 348020482735930112,24.19832122,0.18556432,41.40376176,0.11893508,74.19396781,0.2082973,13.5205,13.7321,13.4624,-171.8918408,0.27009702,-381.8151589,0.13014849,418.7238,-28.74587,0.12611356
